<?xml version="1.0"?>
<config>
    <tabs>
        <magehit translate="label">
            <label>Magehit</label>
            <sort_order>100</sort_order>
        </magehit>
    </tabs>
    <sections>
        <callforprice translate="label" module="magehit_callforprice">
            <label>Call For Price</label>
            <tab>magehit</tab>
            <frontend_type>text</frontend_type>
            <sort_order>110</sort_order>
            <show_in_default>1</show_in_default>
            <show_in_website>1</show_in_website>
            <show_in_store>1</show_in_store>
            <groups>               
                <config>
                    <label>Call For Price</label>
                    <frontend_type>text</frontend_type>
                    <sort_order>10</sort_order>
                    <show_in_default>1</show_in_default>
                    <show_in_website>1</show_in_website>
                    <show_in_store>1</show_in_store>
                    <fields>
                        <enabled translate="label">
                            <label>Enable Call For Price</label>
                            <frontend_type>select</frontend_type>
                            <source_model>adminhtml/system_config_source_yesno</source_model>
                            <sort_order>1</sort_order>
                            <show_in_default>1</show_in_default>
                            <show_in_website>1</show_in_website>
                            <show_in_store>1</show_in_store>
                        </enabled>
                        <call_for_price_button_text translate="label">
                            <label>Call For Price Button Text</label>
                            <frontend_type>text</frontend_type>
                            <sort_order>1</sort_order>
                            <show_in_default>1</show_in_default>
                            <show_in_website>1</show_in_website>
                            <show_in_store>1</show_in_store>
                            <comment>This is the text to be displayed in the Call For Price button</comment>
                        </call_for_price_button_text>
                        <send_email_to translate="label">
                            <label>Send Email To</label>
                            <frontend_type>text</frontend_type>
                            <sort_order>2</sort_order>
                            <show_in_default>1</show_in_default>
                            <show_in_website>1</show_in_website>
                            <show_in_store>1</show_in_store>
                            <comment>The email address to which the price request email will be sent</comment>
                        </send_email_to>
                        <email_sender translate="label">
                            <label>Email Sender</label>
                            <frontend_type>select</frontend_type>
                            <source_model>adminhtml/system_config_source_email_identity</source_model>
                            <sort_order>3</sort_order>
                            <show_in_default>1</show_in_default>
                            <show_in_website>1</show_in_website>
                            <show_in_store>1</show_in_store>
                            <comment>Email Sender</comment>
                        </email_sender>
                        <email_template translate="label">
                            <label>Email Template</label>
                            <frontend_type>select</frontend_type>
                            <source_model>adminhtml/system_config_source_email_template</source_model>
                            <sort_order>4</sort_order>
                            <show_in_default>1</show_in_default>
                            <show_in_website>1</show_in_website>
                            <show_in_store>1</show_in_store>
                            <comment>Choose email template that will be sent to admin</comment>
                        </email_template>
                        <email_template_reply translate="label">
                            <label>Email Template Reply</label>
                            <frontend_type>select</frontend_type>
                            <source_model>adminhtml/system_config_source_email_template</source_model>
                            <sort_order>5</sort_order>
                            <show_in_default>1</show_in_default>
                            <show_in_website>1</show_in_website>
                            <show_in_store>1</show_in_store>
                            <comment>Choose email template that will be reply to client</comment>
                        </email_template_reply>
                        <customer_groups translate="label">
                            <label>Customer Groups</label>
                            <frontend_type>multiselect</frontend_type>
                            <source_model>adminhtml/system_config_source_customer_group</source_model>
                            <sort_order>6</sort_order>
                            <show_in_default>1</show_in_default>
                            <show_in_website>1</show_in_website>
                            <show_in_store>1</show_in_store>
                            <comment>customer groups to which the Call For Price functionality will be applied</comment>
                        </customer_groups>
                        <specific_date_range translate="label">
                            <label>Show on Specific Date Range</label>
                            <frontend_type>select</frontend_type>
                            <source_model>adminhtml/system_config_source_yesno</source_model>
                            <sort_order>7</sort_order>
                            <show_in_default>1</show_in_default>
                            <show_in_website>1</show_in_website>
                            <show_in_store>1</show_in_store>
                            <comment>If set to yes, the Call For Price Buttons will only be available in the front-end
                                during a particular date range. If set to No, the functionality will always be
                                available.
                            </comment>
                        </specific_date_range>
                        <from_date translate="label">
                            <label>From Date</label>
                            <frontend_type>text</frontend_type>
                            <frontend_model>magehit_callforprice/adminhtml_system_config_date</frontend_model>
                            <sort_order>8</sort_order>
                            <show_in_default>1</show_in_default>
                            <show_in_website>1</show_in_website>
                            <show_in_store>1</show_in_store>
                            <depends>
                                <specific_date_range>1</specific_date_range>
                            </depends>
                            <comment>From Date</comment>
                        </from_date>
                        <to_date translate="label">
                            <label>To Date</label>
                            <frontend_type>text</frontend_type>
                            <frontend_model>magehit_callforprice/adminhtml_system_config_date</frontend_model>
                            <sort_order>9</sort_order>
                            <show_in_default>1</show_in_default>
                            <show_in_website>1</show_in_website>
                            <show_in_store>1</show_in_store>
                            <depends>
                                <specific_date_range>1</specific_date_range>
                            </depends>
                            <comment>To Date</comment>
                        </to_date>
                    </fields>
                </config>
                <author_information translate="label">
                    <label>Author</label>
                    <frontend_type>text</frontend_type>
                    <sort_order>60</sort_order>
                    <show_in_default>1</show_in_default>
                    <show_in_website>1</show_in_website>
                    <show_in_store>1</show_in_store>
                      <comment>
                        The Call For Price extension is developed and supported by &lt;a target="_blank" href="http://www.magehit.com/"&gt;www.magehit.com&lt;/a&gt;. If you need any support or have any question, please submit a ticket via &lt;a target="_blank" href="http://www.magehit.com/contacts/"&gt;our Help Desk&lt;/a&gt; or send us an email to &lt;a target="_blank" href="mailto:sale@magehit.com"&gt;sale@magehit.com.&lt;/a&gt;
                    </comment>                    
                </author_information>
            </groups>
        </callforprice>   
    </sections>
</config>
